change,tri,type
A..C,A,sgl
A..G,A,sgl
A..T,A,sgl
C..A,C,sgl
C..G,C,sgl
C..T,C,sgl
AA..AC,AA,di1
AA..AG,AA,di1
AA..AT,AA,di1
AA..CA,AA,di2
AA..GA,AA,di2
AA..TA,AA,di2
AC..AA,AC,di1
AC..AG,AC,di1
AC..AT,AC,di1
AC..CC,AC,di2
AC..GC,AC,di2
AC..TC,AC,di2
AG..CG,AG,di2
AG..GG,AG,di2
AG..TG,AG,di2
AT..CT,AT,di2
AT..GT,AT,di2
AT..TT,AT,di2
CA..AA,CA,di2
CA..CC,CA,di1
CA..CG,CA,di1
CA..CT,CA,di1
CA..GA,CA,di2
CA..TA,CA,di2
CC..AC,CC,di2
CC..CA,CC,di1
CC..CG,CC,di1
CC..CT,CC,di1
CC..GC,CC,di2
CC..TC,CC,di2
CG..AG,CG,di2
CG..GG,CG,di2
CG..TG,CG,di2
CT..AT,CT,di2
CT..GT,CT,di2
CT..TT,CT,di2
GA..GC,GA,di1
GA..GG,GA,di1
GA..GT,GA,di1
GC..GA,GC,di1
GC..GG,GC,di1
GC..GT,GC,di1
TA..TC,TA,di1
TA..TG,TA,di1
TA..TT,TA,di1
TC..TA,TC,di1
TC..TG,TC,di1
TC..TT,TC,di1
AAA..ACA,AAA,tri
AAA..AGA,AAA,tri
AAA..ATA,AAA,tri
AAC..ACC,AAC,tri
AAC..AGC,AAC,tri
AAC..ATC,AAC,tri
AAG..ACG,AAG,tri
AAG..AGG,AAG,tri
AAG..ATG,AAG,tri
AAT..ACT,AAT,tri
AAT..AGT,AAT,tri
AAT..ATT,AAT,tri
ACA..AAA,ACA,tri
ACA..AGA,ACA,tri
ACA..ATA,ACA,tri
ACC..AAC,ACC,tri
ACC..AGC,ACC,tri
ACC..ATC,ACC,tri
ACG..AAG,ACG,tri
ACG..AGG,ACG,tri
ACG..ATG,ACG,tri
ACT..AAT,ACT,tri
ACT..AGT,ACT,tri
ACT..ATT,ACT,tri
CAA..CCA,CAA,tri
CAA..CGA,CAA,tri
CAA..CTA,CAA,tri
CAC..CCC,CAC,tri
CAC..CGC,CAC,tri
CAC..CTC,CAC,tri
CAG..CCG,CAG,tri
CAG..CGG,CAG,tri
CAG..CTG,CAG,tri
CAT..CCT,CAT,tri
CAT..CGT,CAT,tri
CAT..CTT,CAT,tri
CCA..CAA,CCA,tri
CCA..CGA,CCA,tri
CCA..CTA,CCA,tri
CCC..CAC,CCC,tri
CCC..CGC,CCC,tri
CCC..CTC,CCC,tri
CCG..CAG,CCG,tri
CCG..CGG,CCG,tri
CCG..CTG,CCG,tri
CCT..CAT,CCT,tri
CCT..CGT,CCT,tri
CCT..CTT,CCT,tri
GAA..GCA,GAA,tri
GAA..GGA,GAA,tri
GAA..GTA,GAA,tri
GAC..GCC,GAC,tri
GAC..GGC,GAC,tri
GAC..GTC,GAC,tri
GAG..GCG,GAG,tri
GAG..GGG,GAG,tri
GAG..GTG,GAG,tri
GAT..GCT,GAT,tri
GAT..GGT,GAT,tri
GAT..GTT,GAT,tri
GCA..GAA,GCA,tri
GCA..GGA,GCA,tri
GCA..GTA,GCA,tri
GCC..GAC,GCC,tri
GCC..GGC,GCC,tri
GCC..GTC,GCC,tri
GCG..GAG,GCG,tri
GCG..GGG,GCG,tri
GCG..GTG,GCG,tri
GCT..GAT,GCT,tri
GCT..GGT,GCT,tri
GCT..GTT,GCT,tri
TAA..TCA,TAA,tri
TAA..TGA,TAA,tri
TAA..TTA,TAA,tri
TAC..TCC,TAC,tri
TAC..TGC,TAC,tri
TAC..TTC,TAC,tri
TAG..TCG,TAG,tri
TAG..TGG,TAG,tri
TAG..TTG,TAG,tri
TAT..TCT,TAT,tri
TAT..TGT,TAT,tri
TAT..TTT,TAT,tri
TCA..TAA,TCA,tri
TCA..TGA,TCA,tri
TCA..TTA,TCA,tri
TCC..TAC,TCC,tri
TCC..TGC,TCC,tri
TCC..TTC,TCC,tri
TCG..TAG,TCG,tri
TCG..TGG,TCG,tri
TCG..TTG,TCG,tri
TCT..TAT,TCT,tri
TCT..TGT,TCT,tri
TCT..TTT,TCT,tri